{
  "luck_beta": 0.08000000000000002,
  "unluck_gamma": 0.04000000000000001,
  "half_life": 198,
  "ensemble": {
    "ewma": 0.34,
    "recency": 0.12,
    "ml": 0.56
  }
}